x,date_time_GMT4,abs_pres_psi,temp_F,batt_V 
1,6/19/2017 8:45,14.0974,73.753,
2,6/19/2017 9:00,14.098,73.407,
3,6/19/2017 9:15,14.0975,73.234,
4,6/19/2017 9:30,14.098,73.407,
5,6/19/2017 9:45,14.1022,73.753,
6,6/19/2017 10:00,14.1006,73.753,
7,6/19/2017 10:15,14.1,74.098,
8,6/19/2017 10:30,14.098,74.446,
9,6/19/2017 10:45,14.0974,74.791,
10,6/19/2017 11:00,14.099,74.791,
11,6/19/2017 11:15,14.0974,75.312,
12,6/19/2017 11:30,14.0974,75.312,
13,6/19/2017 11:45,14.0942,75.832,
14,6/19/2017 12:00,14.0938,76.181,
15,6/19/2017 12:15,14.0958,76.354,
16,6/19/2017 12:30,14.0901,76.006,
17,6/19/2017 12:45,14.0871,75.484,
18,6/19/2017 13:00,14.0865,74.791,
19,6/19/2017 13:15,14.0881,74.791,
20,6/19/2017 13:30,14.0824,74.446,
21,6/19/2017 13:45,14.0835,74.791,
22,6/19/2017 14:00,14.0829,74.619,
23,6/19/2017 14:15,14.0845,74.098,
24,6/19/2017 14:30,14.0798,74.098,
25,6/19/2017 14:45,14.0835,73.753,
26,6/19/2017 15:00,14.0798,73.58,
27,6/19/2017 15:15,14.0824,73.407,
28,6/19/2017 15:30,14.0778,72.891,
29,6/19/2017 15:45,14.0762,72.891,
30,6/19/2017 16:00,14.0752,73.062,
31,6/19/2017 16:15,14.0794,72.891,
32,6/19/2017 16:30,14.0732,72.372,
33,6/19/2017 16:45,14.0748,71.856,
34,6/19/2017 17:00,14.0826,71.339,
35,6/19/2017 17:15,14.0862,71.512,
36,6/19/2017 17:30,14.0866,71.683,
37,6/19/2017 17:45,14.0877,72.028,
38,6/19/2017 18:00,14.0903,72.372,
39,6/19/2017 18:15,14.0923,72.545,
40,6/19/2017 18:30,14.1058,72.372,
41,6/19/2017 18:45,14.1074,70.308,
42,6/19/2017 19:00,14.0977,70.137,
43,6/19/2017 19:15,14.1017,70.48,
44,6/19/2017 19:30,14.0965,70.824,
45,6/19/2017 19:45,14.0961,71.168,
46,6/19/2017 20:00,14.0919,71.856,
47,6/19/2017 20:15,14.0897,72.199,
48,6/19/2017 20:30,14.0871,72.372,
49,6/19/2017 20:45,14.0861,72.545,
50,6/19/2017 21:00,14.0913,72.718,
51,6/19/2017 21:15,14.0881,72.718,
52,6/19/2017 21:30,14.0897,72.718,
53,6/19/2017 21:45,14.0897,72.718,
54,6/19/2017 22:00,14.0959,72.718,
55,6/19/2017 22:15,14.0975,72.718,
56,6/19/2017 22:30,14.0985,73.062,
57,6/19/2017 22:45,14.1016,73.062,
58,6/19/2017 23:00,14.1052,73.234,
59,6/19/2017 23:15,14.1022,73.234,
60,6/19/2017 23:30,14.1016,73.062,
61,6/19/2017 23:45,14.0996,72.891,
62,6/20/2017 0:00,14.0929,72.718,
63,6/20/2017 0:15,14.0969,72.545,
64,6/20/2017 0:30,14.0985,72.545,
65,6/20/2017 0:45,14.0949,72.372,
66,6/20/2017 1:00,14.0929,72.199,
67,6/20/2017 1:15,14.0893,72.028,
68,6/20/2017 1:30,14.0887,71.856,
69,6/20/2017 1:45,14.0872,71.856,
70,6/20/2017 2:00,14.0856,71.856,
71,6/20/2017 2:15,14.0861,72.028,
72,6/20/2017 2:30,14.0784,72.028,
73,6/20/2017 2:45,14.0814,72.028,
74,6/20/2017 3:00,14.083,72.028,
75,6/20/2017 3:15,14.0814,72.028,
76,6/20/2017 3:30,14.082,72.199,
77,6/20/2017 3:45,14.0836,72.199,
78,6/20/2017 4:00,14.0824,72.372,
79,6/20/2017 4:15,14.0794,72.372,
80,6/20/2017 4:30,14.0798,72.545,
81,6/20/2017 4:45,14.0758,72.718,
82,6/20/2017 5:00,14.0758,72.718,
83,6/20/2017 5:15,14.0808,72.891,
84,6/20/2017 5:30,14.0856,72.891,
85,6/20/2017 5:45,14.0856,72.891,
86,6/20/2017 6:00,14.0887,72.891,
87,6/20/2017 6:15,14.0939,73.062,
88,6/20/2017 6:30,14.0923,73.062,
89,6/20/2017 6:45,14.1,73.062,
90,6/20/2017 7:00,14.1016,73.062,
91,6/20/2017 7:15,14.1048,73.062,
92,6/20/2017 7:30,14.1052,73.234,
93,6/20/2017 7:45,14.1058,73.407,
94,6/20/2017 8:00,14.1058,73.407,
95,6/20/2017 8:15,14.1078,73.58,
96,6/20/2017 8:30,14.1068,73.753,
97,6/20/2017 8:45,14.1083,73.753,
98,6/20/2017 9:00,14.1114,73.753,
99,6/20/2017 9:15,14.1141,74.098,
100,6/20/2017 9:30,14.1151,74.446,
101,6/20/2017 9:45,14.1177,74.271,
102,6/20/2017 10:00,14.1171,74.098,
103,6/20/2017 10:15,14.1135,73.926,
104,6/20/2017 10:30,14.1125,74.619,
105,6/20/2017 10:45,14.1129,74.791,
106,6/20/2017 11:00,14.1155,75.139,
107,6/20/2017 11:15,14.1135,76.006,
108,6/20/2017 11:30,14.1109,76.181,
109,6/20/2017 11:45,14.1083,76.354,
110,6/20/2017 12:00,14.1099,76.354,
111,6/20/2017 12:15,14.1077,76.181,
112,6/20/2017 12:30,14.1036,76.354,
113,6/20/2017 12:45,14.1051,76.354,
114,6/20/2017 13:00,14.1026,76.528,
115,6/20/2017 13:15,14.102,76.354,
116,6/20/2017 13:30,14.1036,75.312,
117,6/20/2017 13:45,14.099,74.791,
118,6/20/2017 14:00,14.1046,74.619,
119,6/20/2017 14:15,14.0985,73.58,
120,6/20/2017 14:30,14.0923,73.062,
121,6/20/2017 14:45,14.0965,72.891,
122,6/20/2017 15:00,14.0953,72.545,
123,6/20/2017 15:15,14.0933,72.372,
124,6/20/2017 15:30,14.0893,72.545,
125,6/20/2017 15:45,14.0835,72.718,
126,6/20/2017 16:00,14.0881,73.234,
127,6/20/2017 16:15,14.0866,73.234,
128,6/20/2017 16:30,14.0866,73.234,
129,6/20/2017 16:45,14.0861,73.062,
130,6/20/2017 17:00,14.084,72.891,
131,6/20/2017 17:15,14.084,72.891,
132,6/20/2017 17:30,14.0784,73.062,
133,6/20/2017 17:45,14.0824,72.891,
134,6/20/2017 18:00,14.0845,73.062,
135,6/20/2017 18:15,14.0845,73.062,
136,6/20/2017 18:30,14.0845,73.062,
137,6/20/2017 18:45,14.0856,72.891,
138,6/20/2017 19:00,14.0871,72.891,
139,6/20/2017 19:15,14.0871,72.891,
140,6/20/2017 19:30,14.0866,72.718,
141,6/20/2017 19:45,14.0866,72.718,
142,6/20/2017 20:00,14.0866,72.718,
143,6/20/2017 20:15,14.0871,72.891,
144,6/20/2017 20:30,14.0856,72.891,
145,6/20/2017 20:45,14.0877,73.062,
146,6/20/2017 21:00,14.0877,73.062,
147,6/20/2017 21:15,14.0861,73.062,
148,6/20/2017 21:30,14.0866,73.234,
149,6/20/2017 21:45,14.0845,73.062,
150,6/20/2017 22:00,14.0877,73.062,
151,6/20/2017 22:15,14.0881,73.234,
152,6/20/2017 22:30,14.0881,73.234,
153,6/20/2017 22:45,14.0887,73.407,
154,6/20/2017 23:00,14.0903,73.407,
155,6/20/2017 23:15,14.0903,73.407,
156,6/20/2017 23:30,14.0887,73.407,
157,6/20/2017 23:45,14.0866,73.234,
158,6/21/2017 0:00,14.0845,73.062,
159,6/21/2017 0:15,14.0808,72.891,
160,6/21/2017 0:30,14.0808,72.891,
161,6/21/2017 0:45,14.0794,72.372,
162,6/21/2017 1:00,14.08,72.028,
163,6/21/2017 1:15,14.0763,71.856,
164,6/21/2017 1:30,14.0778,71.856,
165,6/21/2017 1:45,14.0794,71.856,
166,6/21/2017 2:00,14.0758,71.683,
167,6/21/2017 2:15,14.0691,71.512,
168,6/21/2017 2:30,14.0707,71.512,
169,6/21/2017 2:45,14.0707,71.512,
170,6/21/2017 3:00,14.0727,71.683,
171,6/21/2017 3:15,14.0695,71.683,
172,6/21/2017 3:30,14.0695,71.683,
173,6/21/2017 3:45,14.0717,71.856,
174,6/21/2017 4:00,14.0732,71.856,
175,6/21/2017 4:15,14.0748,71.856,
176,6/21/2017 4:30,14.0727,71.683,
177,6/21/2017 4:45,14.0758,71.683,
178,6/21/2017 5:00,14.0737,71.512,
179,6/21/2017 5:15,14.08,71.512,
180,6/21/2017 5:30,14.08,71.512,
181,6/21/2017 5:45,14.082,71.683,
182,6/21/2017 6:00,14.084,71.856,
183,6/21/2017 6:15,14.0824,71.856,
184,6/21/2017 6:30,14.0856,71.856,
185,6/21/2017 6:45,14.0882,71.683,
186,6/21/2017 7:00,14.0882,71.683,
187,6/21/2017 7:15,14.0882,71.683,
188,6/21/2017 7:30,14.0887,71.856,
189,6/21/2017 7:45,14.0909,72.028,
190,6/21/2017 8:00,14.0955,72.028,
191,6/21/2017 8:15,14.0985,72.028,
192,6/21/2017 8:30,14.0975,72.199,
193,6/21/2017 8:45,14.0969,72.545,
194,6/21/2017 9:00,14.1006,72.718,
195,6/21/2017 9:15,14.1011,72.891,
196,6/21/2017 9:30,14.0975,72.718,
197,6/21/2017 9:45,14.098,72.891,
198,6/21/2017 10:00,14.1026,72.891,
199,6/21/2017 10:15,14.0965,72.891,
200,6/21/2017 10:30,14.0959,73.234,
201,6/21/2017 10:45,14.0943,73.234,
202,6/21/2017 11:00,14.0923,73.062,
203,6/21/2017 11:15,14.0939,73.062,
204,6/21/2017 11:30,14.0949,73.407,
205,6/21/2017 11:45,14.0969,73.58,
206,6/21/2017 12:00,14.0938,74.098,
207,6/21/2017 12:15,14.0938,74.619,
208,6/21/2017 12:30,14.0943,74.791,
209,6/21/2017 12:45,14.0943,74.791,
210,6/21/2017 13:00,14.0917,74.446,
211,6/21/2017 13:15,14.0907,74.619,
212,6/21/2017 13:30,14.0897,74.791,
213,6/21/2017 13:45,14.0861,74.098,
214,6/21/2017 14:00,14.0861,73.58,
215,6/21/2017 14:15,14.0861,73.58,
216,6/21/2017 14:30,14.0813,74.619,
217,6/21/2017 14:45,14.0798,75.139,
218,6/21/2017 15:00,14.0808,75.484,
219,6/21/2017 15:15,14.074,75.312,
220,6/21/2017 15:30,14.0736,75.659,
221,6/21/2017 15:45,14.0698,77.574,
222,6/21/2017 16:00,14.0714,81.266,
223,6/21/2017 16:15,14.0698,79.151,
224,6/21/2017 16:30,14.0724,77.4,
225,6/21/2017 16:45,14.0714,76.528,
226,6/21/2017 17:00,14.074,75.832,
227,6/21/2017 17:15,14.0762,75.484,
228,6/21/2017 17:30,14.0766,75.139,
229,6/21/2017 17:45,14.0792,74.964,
230,6/21/2017 18:00,14.0788,74.791,
231,6/21/2017 18:15,14.0819,74.791,
232,6/21/2017 18:30,14.0808,74.446,
233,6/21/2017 18:45,14.0814,74.098,
234,6/21/2017 19:00,14.0778,73.407,
235,6/21/2017 19:15,14.083,73.062,
236,6/21/2017 19:30,14.0824,72.891,
237,6/21/2017 19:45,14.0846,72.545,
238,6/21/2017 20:00,14.0887,72.372,
239,6/21/2017 20:15,14.0887,72.372,
240,6/21/2017 20:30,14.0877,72.028,
241,6/21/2017 20:45,14.0872,71.856,
242,6/21/2017 21:00,14.0882,71.683,
243,6/21/2017 21:15,14.085,71.683,
244,6/21/2017 21:30,14.0898,71.683,
245,6/21/2017 21:45,14.0913,71.683,
246,6/21/2017 22:00,14.0913,71.683,
247,6/21/2017 22:15,14.0913,71.683,
248,6/21/2017 22:30,14.0913,71.683,
249,6/21/2017 22:45,14.0923,71.512,
250,6/21/2017 23:00,14.0923,71.512,
251,6/21/2017 23:15,14.0893,71.512,
252,6/21/2017 23:30,14.0923,71.512,
253,6/21/2017 23:45,14.0893,71.512,
254,6/22/2017 0:00,14.0877,71.512,
255,6/22/2017 0:15,14.0877,71.512,
256,6/22/2017 0:30,14.085,71.683,
257,6/22/2017 0:45,14.0836,71.683,
258,6/22/2017 1:00,14.0804,71.683,
259,6/22/2017 1:15,14.0778,71.856,
260,6/22/2017 1:30,14.0763,71.856,
261,6/22/2017 1:45,14.0748,71.856,
262,6/22/2017 2:00,14.0748,71.856,
263,6/22/2017 2:15,14.0695,71.683,
264,6/22/2017 2:30,14.0695,71.683,
265,6/22/2017 2:45,14.0717,71.856,
266,6/22/2017 3:00,14.0717,71.856,
267,6/22/2017 3:15,14.0681,71.683,
268,6/22/2017 3:30,14.0727,71.683,
269,6/22/2017 3:45,14.0711,71.683,
270,6/22/2017 4:00,14.0742,71.683,
271,6/22/2017 4:15,14.0727,71.683,
272,6/22/2017 4:30,14.0727,71.683,
273,6/22/2017 4:45,14.0753,71.512,
274,6/22/2017 5:00,14.0768,71.512,
275,6/22/2017 5:15,14.0763,71.339,
276,6/22/2017 5:30,14.0779,71.339,
277,6/22/2017 5:45,14.08,71.512,
278,6/22/2017 6:00,14.0779,71.339,
279,6/22/2017 6:15,14.081,71.339,
280,6/22/2017 6:30,14.0826,71.339,
281,6/22/2017 6:45,14.0826,71.339,
282,6/22/2017 7:00,14.084,71.339,
283,6/22/2017 7:15,14.0856,71.339,
284,6/22/2017 7:30,14.0856,71.339,
285,6/22/2017 7:45,14.0872,71.339,
286,6/22/2017 8:00,14.0872,71.339,
287,6/22/2017 8:15,14.0923,71.512,
288,6/22/2017 8:30,14.0939,71.512,
289,6/22/2017 8:45,14.0913,71.683,
290,6/22/2017 9:00,14.0965,71.856,
291,6/22/2017 9:15,14.0985,72.028,
292,6/22/2017 9:30,14.1022,72.199,
293,6/22/2017 9:45,14.1001,72.545,
294,6/22/2017 10:00,14.0985,72.545,
295,6/22/2017 10:15,14.0985,72.545,
296,6/22/2017 10:30,14.0949,72.891,
297,6/22/2017 10:45,14.0985,73.062,
298,6/22/2017 11:00,14.0949,73.407,
299,6/22/2017 11:15,14.0927,73.753,
300,6/22/2017 11:30,14.0923,74.098,
301,6/22/2017 11:45,14.0907,74.619,
302,6/22/2017 12:00,14.0885,74.964,
303,6/22/2017 12:15,14.0911,75.312,
304,6/22/2017 12:30,14.0875,75.659,
305,6/22/2017 12:45,14.0859,75.659,
306,6/22/2017 13:00,14.0823,76.006,
307,6/22/2017 13:15,14.0845,75.659,
308,6/22/2017 13:30,14.0824,74.964,
309,6/22/2017 13:45,14.0792,74.964,
310,6/22/2017 14:00,14.0777,75.484,
311,6/22/2017 14:15,14.0756,75.832,
312,6/22/2017 14:30,14.0746,74.964,
313,6/22/2017 14:45,14.0684,74.964,
314,6/22/2017 15:00,14.0674,75.139,
315,6/22/2017 15:15,14.0658,75.659,
316,6/22/2017 15:30,14.0652,76.528,
317,6/22/2017 15:45,14.0662,78.449,
318,6/22/2017 16:00,14.0627,82.508,
319,6/22/2017 16:15,14.0611,84.115,
320,6/22/2017 16:30,14.0575,80.735,
321,6/22/2017 16:45,14.0589,78.624,
322,6/22/2017 17:00,14.0595,77.225,
323,6/22/2017 17:15,14.0605,76.528,
324,6/22/2017 17:30,14.0591,76.006,
325,6/22/2017 17:45,14.0611,75.659,
326,6/22/2017 18:00,14.0601,75.312,
327,6/22/2017 18:15,14.0637,74.964,
328,6/22/2017 18:30,14.0658,74.619,
329,6/22/2017 18:45,14.0647,74.271,
330,6/22/2017 19:00,14.0643,74.098,
331,6/22/2017 19:15,14.0647,73.753,
332,6/22/2017 19:30,14.0659,73.58,
333,6/22/2017 19:45,14.0637,73.407,
334,6/22/2017 20:00,14.0675,73.062,
335,6/22/2017 20:15,14.0675,73.062,
336,6/22/2017 20:30,14.07,72.891,
337,6/22/2017 20:45,14.0716,72.891,
338,6/22/2017 21:00,14.0711,72.718,
339,6/22/2017 21:15,14.0742,72.718,
340,6/22/2017 21:30,14.0804,72.718,
341,6/22/2017 21:45,14.0814,72.545,
342,6/22/2017 22:00,14.0814,72.545,
343,6/22/2017 22:15,14.0824,72.372,
344,6/22/2017 22:30,14.082,72.199,
345,6/22/2017 22:45,14.08,72.028,
346,6/22/2017 23:00,14.0814,72.028,
347,6/22/2017 23:15,14.083,72.028,
348,6/22/2017 23:30,14.083,72.028,
349,6/22/2017 23:45,14.08,72.028,
350,6/23/2017 0:00,14.081,71.856,
351,6/23/2017 0:15,14.0763,71.856,
352,6/23/2017 0:30,14.0778,71.856,
353,6/23/2017 0:45,14.0748,71.856,
354,6/23/2017 1:00,14.0732,71.856,
355,6/23/2017 1:15,14.0669,71.856,
356,6/23/2017 1:30,14.0639,71.856,
357,6/23/2017 1:45,14.0608,71.856,
358,6/23/2017 2:00,14.0546,71.856,
359,6/23/2017 2:15,14.055,72.028,
360,6/23/2017 2:30,14.0536,72.028,
361,6/23/2017 2:45,14.0536,72.028,
362,6/23/2017 3:00,14.055,72.028,
363,6/23/2017 3:15,14.052,72.028,
364,6/23/2017 3:30,14.0514,71.856,
365,6/23/2017 3:45,14.05,71.856,
366,6/23/2017 4:00,14.05,71.856,
367,6/23/2017 4:15,14.0494,71.683,
368,6/23/2017 4:30,14.051,71.683,
369,6/23/2017 4:45,14.0526,71.683,
370,6/23/2017 5:00,14.0536,71.512,
371,6/23/2017 5:15,14.0536,71.512,
372,6/23/2017 5:30,14.0592,71.339,
373,6/23/2017 5:45,14.0576,71.339,
374,6/23/2017 6:00,14.0608,71.339,
375,6/23/2017 6:15,14.0655,71.339,
376,6/23/2017 6:30,14.0659,71.512,
377,6/23/2017 6:45,14.0659,71.512,
378,6/23/2017 7:00,14.0675,71.512,
379,6/23/2017 7:15,14.0681,71.683,
380,6/23/2017 7:30,14.0681,71.683,
381,6/23/2017 7:45,14.0711,71.683,
382,6/23/2017 8:00,14.0717,71.339,
383,6/23/2017 8:15,14.0717,70.824,
384,6/23/2017 8:30,14.0774,70.651,
385,6/23/2017 8:45,14.079,70.651,
386,6/23/2017 9:00,14.0769,70.995,
387,6/23/2017 9:15,14.0784,71.512,
388,6/23/2017 9:30,14.0788,72.199,
389,6/23/2017 9:45,14.0794,72.891,
390,6/23/2017 10:00,14.083,73.062,
391,6/23/2017 10:15,14.0814,73.062,
392,6/23/2017 10:30,14.0782,73.58,
393,6/23/2017 10:45,14.0788,73.753,
394,6/23/2017 11:00,14.0829,74.098,
395,6/23/2017 11:15,14.0788,74.271,
396,6/23/2017 11:30,14.0839,74.446,
397,6/23/2017 11:45,14.0803,74.271,
398,6/23/2017 12:00,14.0792,74.446,
399,6/23/2017 12:15,14.0777,74.964,
400,6/23/2017 12:30,14.0756,75.312,
401,6/23/2017 12:45,14.0762,75.484,
402,6/23/2017 13:00,14.0766,75.139,
403,6/23/2017 13:15,14.0726,74.271,
404,6/23/2017 13:30,14.0705,73.58,
405,6/23/2017 13:45,14.0675,73.062,
406,6/23/2017 14:00,14.0653,72.891,
407,6/23/2017 14:15,14.0675,73.062,
408,6/23/2017 14:30,14.0637,73.926,
409,6/23/2017 14:45,14.0637,73.926,
410,6/23/2017 15:00,14.0613,73.58,
411,6/23/2017 15:15,14.0637,73.407,
412,6/23/2017 15:30,14.0613,73.062,
413,6/23/2017 15:45,14.0597,73.062,
414,6/23/2017 16:00,14.0597,73.062,
415,6/23/2017 16:15,14.0581,73.062,
416,6/23/2017 16:30,14.055,73.062,
417,6/23/2017 16:45,14.0591,72.891,
418,6/23/2017 17:00,14.0591,72.891,
419,6/23/2017 17:15,14.0591,72.891,
420,6/23/2017 17:30,14.0587,72.718,
421,6/23/2017 17:45,14.0633,72.718,
422,6/23/2017 18:00,14.0665,72.718,
423,6/23/2017 18:15,14.0643,72.545,
424,6/23/2017 18:30,14.0643,72.545,
425,6/23/2017 18:45,14.0675,72.545,
426,6/23/2017 19:00,14.069,72.545,
427,6/23/2017 19:15,14.0716,72.372,
428,6/23/2017 19:30,14.0701,72.372,
429,6/23/2017 19:45,14.0748,72.372,
430,6/23/2017 20:00,14.0774,72.199,
431,6/23/2017 20:15,14.0774,72.199,
432,6/23/2017 20:30,14.0784,72.028,
433,6/23/2017 20:45,14.0784,72.028,
434,6/23/2017 21:00,14.0778,71.856,
435,6/23/2017 21:15,14.081,71.856,
436,6/23/2017 21:30,14.081,71.856,
437,6/23/2017 21:45,14.0794,71.856,
438,6/23/2017 22:00,14.0804,71.683,
439,6/23/2017 22:15,14.085,71.683,
440,6/23/2017 22:30,14.0862,71.512,
441,6/23/2017 22:45,14.0862,71.512,
442,6/23/2017 23:00,14.0882,71.683,
443,6/23/2017 23:15,14.0882,71.683,
444,6/23/2017 23:30,14.0882,71.683,
445,6/23/2017 23:45,14.0836,71.683,
446,6/24/2017 0:00,14.083,71.512,
447,6/24/2017 0:15,14.08,71.512,
448,6/24/2017 0:30,14.08,71.512,
449,6/24/2017 0:45,14.0784,71.512,
450,6/24/2017 1:00,14.0737,71.512,
451,6/24/2017 1:15,14.0691,71.512,
452,6/24/2017 1:30,14.0707,71.512,
453,6/24/2017 1:45,14.0671,71.339,
454,6/24/2017 2:00,14.0639,71.339,
455,6/24/2017 2:15,14.0624,71.339,
456,6/24/2017 2:30,14.0639,71.339,
457,6/24/2017 2:45,14.0608,71.339,
458,6/24/2017 3:00,14.0588,71.168,
459,6/24/2017 3:15,14.0576,71.339,
460,6/24/2017 3:30,14.055,71.512,
461,6/24/2017 3:45,14.055,71.512,
462,6/24/2017 4:00,14.0587,71.683,
463,6/24/2017 4:15,14.054,71.683,
464,6/24/2017 4:30,14.0582,71.512,
465,6/24/2017 4:45,14.0566,71.512,
466,6/24/2017 5:00,14.0582,71.512,
467,6/24/2017 5:15,14.0613,71.512,
468,6/24/2017 5:30,14.0613,71.512,
469,6/24/2017 5:45,14.0659,71.512,
470,6/24/2017 6:00,14.0707,71.512,
471,6/24/2017 6:15,14.0695,71.683,
472,6/24/2017 6:30,14.0742,71.683,
473,6/24/2017 6:45,14.0711,71.683,
474,6/24/2017 7:00,14.0717,71.856,
475,6/24/2017 7:15,14.0763,71.856,
476,6/24/2017 7:30,14.0768,72.028,
477,6/24/2017 7:45,14.0804,72.199,
478,6/24/2017 8:00,14.081,72.372,
479,6/24/2017 8:15,14.0788,72.718,
480,6/24/2017 8:30,14.084,72.891,
481,6/24/2017 8:45,14.0824,72.891,
482,6/24/2017 9:00,14.0804,73.234,
483,6/24/2017 9:15,14.0814,73.58,
484,6/24/2017 9:30,14.0855,73.926,
485,6/24/2017 9:45,14.0875,74.619,
486,6/24/2017 10:00,14.0907,74.619,
487,6/24/2017 10:15,14.0922,74.619,
488,6/24/2017 10:30,14.0969,74.098,
489,6/24/2017 10:45,14.0959,73.234,
490,6/24/2017 11:00,14.0965,72.891,
491,6/24/2017 11:15,14.1,73.062,
492,6/24/2017 11:30,14.0996,73.407,
493,6/24/2017 11:45,14.098,73.407,
494,6/24/2017 12:00,14.0974,73.753,
495,6/24/2017 12:15,14.0953,74.098,
496,6/24/2017 12:30,14.0984,74.098,
497,6/24/2017 12:45,14.0959,74.271,
498,6/24/2017 13:00,14.0958,74.791,
499,6/24/2017 13:15,14.098,75.484,
500,6/24/2017 13:30,14.098,75.484,
501,6/24/2017 13:45,14.0964,75.484,
502,6/24/2017 14:00,14.0933,74.964,
503,6/24/2017 14:15,14.0927,74.791,
504,6/24/2017 14:30,14.0881,75.312,
505,6/24/2017 14:45,14.0891,75.659,
506,6/24/2017 15:00,14.0871,75.484,
507,6/24/2017 15:15,14.0823,76.006,
508,6/24/2017 15:30,14.0787,76.876,
509,6/24/2017 15:45,14.0777,77.574,
510,6/24/2017 16:00,14.0781,78.8,
511,6/24/2017 16:15,14.0745,79.151,
512,6/24/2017 16:30,14.0771,77.923,
513,6/24/2017 16:45,14.0766,77.225,
514,6/24/2017 17:00,14.0782,76.703,
515,6/24/2017 17:15,14.0756,76.354,
516,6/24/2017 17:30,14.0777,76.006,
517,6/24/2017 17:45,14.0787,75.832,
518,6/24/2017 18:00,14.0808,75.484,
519,6/24/2017 18:15,14.0839,75.484,
520,6/24/2017 18:30,14.0849,75.312,
521,6/24/2017 18:45,14.0829,75.139,
522,6/24/2017 19:00,14.0881,74.791,
523,6/24/2017 19:15,14.0885,74.446,
524,6/24/2017 19:30,14.0927,74.271,
525,6/24/2017 19:45,14.0964,73.926,
526,6/24/2017 20:00,14.0959,73.753,
527,6/24/2017 20:15,14.098,73.407,
528,6/24/2017 20:30,14.099,73.234,
529,6/24/2017 20:45,14.1016,73.062,
530,6/24/2017 21:00,14.1062,73.062,
531,6/24/2017 21:15,14.1062,73.062,
532,6/24/2017 21:30,14.1125,73.062,
533,6/24/2017 21:45,14.1109,73.062,
534,6/24/2017 22:00,14.1135,72.891,
535,6/24/2017 22:15,14.1207,72.718,
536,6/24/2017 22:30,14.1193,72.718,
537,6/24/2017 22:45,14.1177,72.718,
538,6/24/2017 23:00,14.1187,72.545,
539,6/24/2017 23:15,14.1171,72.545,
540,6/24/2017 23:30,14.1187,72.545,
541,6/24/2017 23:45,14.1157,72.545,
542,6/25/2017 0:00,14.1157,72.545,
543,6/25/2017 0:15,14.1157,72.545,
544,6/25/2017 0:30,14.1141,72.545,
545,6/25/2017 0:45,14.112,72.372,
546,6/25/2017 1:00,14.11,72.199,
547,6/25/2017 1:15,14.1064,72.028,
548,6/25/2017 1:30,14.1032,72.028,
549,6/25/2017 1:45,14.1027,71.856,
550,6/25/2017 2:00,14.1038,71.683,
551,6/25/2017 2:15,14.1001,71.512,
552,6/25/2017 2:30,14.1011,71.339,
553,6/25/2017 2:45,14.0991,71.168,
554,6/25/2017 3:00,14.0975,71.168,
555,6/25/2017 3:15,14.0991,71.168,
556,6/25/2017 3:30,14.0961,71.168,
557,6/25/2017 3:45,14.0949,71.339,
558,6/25/2017 4:00,14.0965,71.339,
559,6/25/2017 4:15,14.0939,71.512,
560,6/25/2017 4:30,14.0909,71.512,
561,6/25/2017 4:45,14.0877,71.512,
562,6/25/2017 5:00,14.0913,71.683,
563,6/25/2017 5:15,14.0933,71.856,
564,6/25/2017 5:30,14.0933,71.856,
565,6/25/2017 5:45,14.0955,72.028,
566,6/25/2017 6:00,14.0969,72.028,
567,6/25/2017 6:15,14.1016,72.028,
568,6/25/2017 6:30,14.1006,72.199,
569,6/25/2017 6:45,14.1038,72.199,
570,6/25/2017 7:00,14.1042,72.372,
571,6/25/2017 7:15,14.1074,72.372,
572,6/25/2017 7:30,14.1104,72.372,
573,6/25/2017 7:45,14.111,72.545,
574,6/25/2017 8:00,14.1084,72.718,
575,6/25/2017 8:15,14.1072,72.891,
576,6/25/2017 8:30,14.1099,73.234,
577,6/25/2017 8:45,14.1119,73.407,
578,6/25/2017 9:00,14.1145,73.753,
579,6/25/2017 9:15,14.1165,73.926,
580,6/25/2017 9:30,14.1165,73.926,
581,6/25/2017 9:45,14.1161,73.753,
582,6/25/2017 10:00,14.1151,73.926,
583,6/25/2017 10:15,14.1151,73.926,
584,6/25/2017 10:30,14.1155,74.619,
585,6/25/2017 10:45,14.1186,75.659,
586,6/25/2017 11:00,14.1191,76.354,
587,6/25/2017 11:15,14.1159,76.876,
588,6/25/2017 11:30,14.1175,77.4,
589,6/25/2017 11:45,14.1201,77.749,
590,6/25/2017 12:00,14.1191,77.923,
591,6/25/2017 12:15,14.1181,78.098,
592,6/25/2017 12:30,14.1201,78.274,
593,6/25/2017 12:45,14.1196,78.098,
594,6/25/2017 13:00,14.1196,77.574,
595,6/25/2017 13:15,14.1186,77.749,
596,6/25/2017 13:30,14.1155,77.749,
597,6/25/2017 13:45,14.1159,77.923,
598,6/25/2017 14:00,14.1123,78.274,
599,6/25/2017 14:15,14.1109,78.8,
600,6/25/2017 14:30,14.1051,80.029,
601,6/25/2017 14:45,14.1051,80.029,
602,6/25/2017 15:00,14.104,79.678,
603,6/25/2017 15:15,14.0994,79.678,
604,6/25/2017 15:30,14.1,80.382,
605,6/25/2017 15:45,14.1004,81.621,
606,6/25/2017 16:00,14.0997,85.014,
607,6/25/2017 16:15,14.0971,86.277,
608,6/25/2017 16:30,14.0949,83.399,
609,6/25/2017 16:45,14.0942,81.09,
610,6/25/2017 17:00,14.0906,79.853,
611,6/25/2017 17:15,14.0895,78.975,
612,6/25/2017 17:30,14.0922,78.274,
613,6/25/2017 17:45,14.0942,77.923,
614,6/25/2017 18:00,14.0932,77.574,
615,6/25/2017 18:15,14.0958,77.4,
616,6/25/2017 18:30,14.0968,77.225,
617,6/25/2017 18:45,14.1004,76.876,
618,6/25/2017 19:00,14.1056,76.528,
619,6/25/2017 19:15,14.1099,75.832,
620,6/25/2017 19:30,14.1072,74.964,
621,6/25/2017 19:45,14.1088,74.446,
622,6/25/2017 20:00,14.1114,74.271,
623,6/25/2017 20:15,14.1125,74.098,
624,6/25/2017 20:30,14.1104,73.926,
625,6/25/2017 20:45,14.1129,73.753,
626,6/25/2017 21:00,14.1145,73.753,
627,6/25/2017 21:15,14.1213,73.407,
628,6/25/2017 21:30,14.1141,72.545,
629,6/25/2017 21:45,14.112,71.856,
630,6/25/2017 22:00,14.1146,71.168,
631,6/25/2017 22:15,14.1142,70.48,
632,6/25/2017 22:30,14.109,69.793,
633,6/25/2017 22:45,14.1158,69.449,
634,6/25/2017 23:00,14.123,69.793,
635,6/25/2017 23:15,14.1204,70.48,
636,6/25/2017 23:30,14.1188,70.995,
637,6/25/2017 23:45,14.1172,71.512,
638,6/26/2017 0:00,14.1146,71.683,
639,6/26/2017 0:15,14.1167,71.856,
640,6/26/2017 0:30,14.113,72.199,
641,6/26/2017 0:45,14.1135,72.372,
642,6/26/2017 1:00,14.1114,72.718,
643,6/26/2017 1:15,14.1099,72.718,
644,6/26/2017 1:30,14.1068,72.718,
645,6/26/2017 1:45,14.1058,72.891,
646,6/26/2017 2:00,14.1026,72.891,
647,6/26/2017 2:15,14.0996,72.891,
648,6/26/2017 2:30,14.0953,73.062,
649,6/26/2017 2:45,14.0985,73.062,
650,6/26/2017 3:00,14.0903,72.891,
651,6/26/2017 3:15,14.0965,72.891,
652,6/26/2017 3:30,14.0933,72.891,
653,6/26/2017 3:45,14.0959,72.718,
654,6/26/2017 4:00,14.0913,72.718,
655,6/26/2017 4:15,14.0933,72.891,
656,6/26/2017 4:30,14.0917,72.891,
657,6/26/2017 4:45,14.0903,72.891,
658,6/26/2017 5:00,14.0903,72.891,
659,6/26/2017 5:15,14.0929,72.718,
660,6/26/2017 5:30,14.0913,72.718,
661,6/26/2017 5:45,14.0897,72.718,
662,6/26/2017 6:00,14.0907,72.545,
663,6/26/2017 6:15,14.0939,72.545,
664,6/26/2017 6:30,14.0965,72.372,
665,6/26/2017 6:45,14.1011,72.372,
666,6/26/2017 7:00,14.1011,72.372,
667,6/26/2017 7:15,14.1016,72.545,
668,6/26/2017 7:30,14.1001,72.545,
669,6/26/2017 7:45,14.1038,72.718,
670,6/26/2017 8:00,14.1006,72.718,
671,6/26/2017 8:15,14.1026,72.891,
672,6/26/2017 8:30,14.1048,73.062,
673,6/26/2017 8:45,14.1052,73.234,
674,6/26/2017 9:00,14.1058,73.407,
675,6/26/2017 9:15,14.1078,73.58,
676,6/26/2017 9:30,14.1072,73.926,
677,6/26/2017 9:45,14.1062,74.098,
678,6/26/2017 10:00,14.1052,74.271,
679,6/26/2017 10:15,14.1056,74.446,
680,6/26/2017 10:30,14.1042,74.446,
681,6/26/2017 10:45,14.1046,74.619,
682,6/26/2017 11:00,14.101,74.964,
683,6/26/2017 11:15,14.1052,75.312,
684,6/26/2017 11:30,14.1026,75.484,
685,6/26/2017 11:45,14.1026,75.484,
686,6/26/2017 12:00,14.104,75.484,
687,6/26/2017 12:15,14.1,75.659,
688,6/26/2017 12:30,14.0994,75.484,
689,6/26/2017 12:45,14.0984,75.659,
690,6/26/2017 13:00,14.0974,75.832,
691,6/26/2017 13:15,14.0942,75.832,
692,6/26/2017 13:30,14.0958,75.832,
693,6/26/2017 13:45,14.0942,75.832,
694,6/26/2017 14:00,14.0911,75.832,
695,6/26/2017 14:15,14.0885,76.006,
696,6/26/2017 14:30,14.0855,76.528,
697,6/26/2017 14:45,14.0823,76.528,
698,6/26/2017 15:00,14.0819,76.354,
699,6/26/2017 15:15,14.0787,76.354,
700,6/26/2017 15:30,14.0782,76.703,
701,6/26/2017 15:45,14.0761,76.528,
702,6/26/2017 16:00,14.072,77.749,
703,6/26/2017 16:15,14.0734,79.326,
704,6/26/2017 16:30,14.072,78.274,
705,6/26/2017 16:45,14.075,77.749,
706,6/26/2017 17:00,14.0724,76.876,
707,6/26/2017 17:15,14.0736,76.181,
708,6/26/2017 17:30,14.075,75.659,
709,6/26/2017 17:45,14.0762,75.484,
710,6/26/2017 18:00,14.0756,75.312,
711,6/26/2017 18:15,14.0766,75.139,
712,6/26/2017 18:30,14.0777,74.964,
713,6/26/2017 18:45,14.0782,74.619,
714,6/26/2017 19:00,14.0788,74.271,
715,6/26/2017 19:15,14.0782,74.098,
716,6/26/2017 19:30,14.0808,73.926,
717,6/26/2017 19:45,14.0855,73.926,
718,6/26/2017 20:00,14.084,73.926,
719,6/26/2017 20:15,14.085,73.753,
720,6/26/2017 20:30,14.0881,73.753,
721,6/26/2017 20:45,14.0907,73.58,
722,6/26/2017 21:00,14.0891,73.58,
723,6/26/2017 21:15,14.0887,73.407,
724,6/26/2017 21:30,14.0927,73.234,
725,6/26/2017 21:45,14.0959,73.234,
726,6/26/2017 22:00,14.0975,73.234,
727,6/26/2017 22:15,14.099,73.234,
728,6/26/2017 22:30,14.1036,73.234,
729,6/26/2017 22:45,14.1022,73.234,
730,6/26/2017 23:00,14.1016,73.062,
731,6/26/2017 23:15,14.1011,72.891,
732,6/26/2017 23:30,14.0996,72.891,
733,6/26/2017 23:45,14.098,72.891,
734,6/27/2017 0:00,14.1011,72.891,
735,6/27/2017 0:15,14.0965,72.891,
736,6/27/2017 0:30,14.0933,72.891,
737,6/27/2017 0:45,14.0907,73.062,
738,6/27/2017 1:00,14.0923,73.062,
739,6/27/2017 1:15,14.0871,72.891,
740,6/27/2017 1:30,14.0871,72.891,
741,6/27/2017 1:45,14.0897,72.718,
742,6/27/2017 2:00,14.0877,72.545,
743,6/27/2017 2:15,14.0893,72.545,
744,6/27/2017 2:30,14.0893,72.545,
745,6/27/2017 2:45,14.0893,72.545,
746,6/27/2017 3:00,14.0856,72.372,
747,6/27/2017 3:15,14.0877,72.545,
748,6/27/2017 3:30,14.0861,72.545,
749,6/27/2017 3:45,14.0893,72.545,
750,6/27/2017 4:00,14.0907,72.545,
751,6/27/2017 4:15,14.0877,72.545,
752,6/27/2017 4:30,14.0877,72.545,
753,6/27/2017 4:45,14.0877,72.545,
754,6/27/2017 5:00,14.0887,72.372,
755,6/27/2017 5:15,14.0903,72.372,
756,6/27/2017 5:30,14.0903,72.372,
757,6/27/2017 5:45,14.0903,72.372,
758,6/27/2017 6:00,14.0933,72.372,
759,6/27/2017 6:15,14.0919,72.372,
760,6/27/2017 6:30,14.0965,72.372,
761,6/27/2017 6:45,14.0949,72.372,
762,6/27/2017 7:00,14.098,72.372,
763,6/27/2017 7:15,14.098,72.372,
764,6/27/2017 7:30,14.1032,72.545,
765,6/27/2017 7:45,14.1016,72.545,
766,6/27/2017 8:00,14.1022,72.718,
767,6/27/2017 8:15,14.1011,72.891,
768,6/27/2017 8:30,14.1036,73.234,
769,6/27/2017 8:45,14.1042,73.407,
770,6/27/2017 9:00,14.1046,73.58,
771,6/27/2017 9:15,14.1042,73.926,
772,6/27/2017 9:30,14.1052,74.271,
773,6/27/2017 9:45,14.1052,74.271,
774,6/27/2017 10:00,14.1056,74.446,
775,6/27/2017 10:15,14.1052,74.791,
776,6/27/2017 10:30,14.1042,74.964,
777,6/27/2017 10:45,14.1052,75.312,
778,6/27/2017 11:00,14.1056,75.484,
779,6/27/2017 11:15,14.103,75.659,
780,6/27/2017 11:30,14.1026,76.006,
781,6/27/2017 11:45,14.104,76.006,
782,6/27/2017 12:00,14.1046,76.181,
783,6/27/2017 12:15,14.102,76.354,
784,6/27/2017 12:30,14.1004,76.354,
785,6/27/2017 12:45,14.0994,76.528,
786,6/27/2017 13:00,14.0984,76.703,
787,6/27/2017 13:15,14.0974,76.876,
788,6/27/2017 13:30,14.0948,77.05,
789,6/27/2017 13:45,14.0911,76.876,
790,6/27/2017 14:00,14.0901,77.05,
791,6/27/2017 14:15,14.0895,76.876,
792,6/27/2017 14:30,14.0891,77.225,
793,6/27/2017 14:45,14.0859,77.225,
794,6/27/2017 15:00,14.0823,77.05,
795,6/27/2017 15:15,14.0829,76.703,
796,6/27/2017 15:30,14.0813,76.703,
797,6/27/2017 15:45,14.0787,77.4,
798,6/27/2017 16:00,14.0745,77.574,
799,6/27/2017 16:15,14.075,77.749,
800,6/27/2017 16:30,14.072,77.225,
801,6/27/2017 16:45,14.0694,76.876,
802,6/27/2017 17:00,14.0698,76.528,
803,6/27/2017 17:15,14.0694,76.354,
804,6/27/2017 17:30,14.072,76.181,
805,6/27/2017 17:45,14.074,75.832,
806,6/27/2017 18:00,14.072,75.139,
807,6/27/2017 18:15,14.074,74.791,
808,6/27/2017 18:30,14.0736,74.619,
809,6/27/2017 18:45,14.0762,74.446,
810,6/27/2017 19:00,14.0782,74.098,
811,6/27/2017 19:15,14.0782,74.098,
812,6/27/2017 19:30,14.084,73.926,
813,6/27/2017 19:45,14.0798,73.58,
814,6/27/2017 20:00,14.0829,73.58,
815,6/27/2017 20:15,14.0845,73.58,
816,6/27/2017 20:30,14.0871,73.407,
817,6/27/2017 20:45,14.0887,73.407,
818,6/27/2017 21:00,14.0897,73.234,
819,6/27/2017 21:15,14.0891,73.062,
820,6/27/2017 21:30,14.0939,73.062,
821,6/27/2017 21:45,14.0923,73.062,
822,6/27/2017 22:00,14.0953,73.062,
823,6/27/2017 22:15,14.0969,73.062,
824,6/27/2017 22:30,14.0953,73.062,
825,6/27/2017 22:45,14.0985,73.062,
826,6/27/2017 23:00,14.0965,72.891,
827,6/27/2017 23:15,14.099,72.718,
828,6/27/2017 23:30,14.0959,72.718,
829,6/27/2017 23:45,14.0939,72.545,
830,6/28/2017 0:00,14.0939,72.545,
831,6/28/2017 0:15,14.0907,72.545,
832,6/28/2017 0:30,14.0923,72.545,
833,6/28/2017 0:45,14.0907,72.545,
834,6/28/2017 1:00,14.0877,72.545,
835,6/28/2017 1:15,14.0846,72.545,
836,6/28/2017 1:30,14.085,72.718,
837,6/28/2017 1:45,14.083,72.545,
838,6/28/2017 2:00,14.0798,72.545,
839,6/28/2017 2:15,14.0814,72.545,
840,6/28/2017 2:30,14.081,72.372,
841,6/28/2017 2:45,14.0778,72.372,
842,6/28/2017 3:00,14.0778,72.372,
843,6/28/2017 3:15,14.0768,72.545,
844,6/28/2017 3:30,14.0798,72.545,
845,6/28/2017 3:45,14.0798,72.545,
846,6/28/2017 4:00,14.081,72.372,
847,6/28/2017 4:15,14.081,72.372,
848,6/28/2017 4:30,14.0824,72.372,
849,6/28/2017 4:45,14.0824,72.372,
850,6/28/2017 5:00,14.0824,72.372,
851,6/28/2017 5:15,14.082,72.199,
852,6/28/2017 5:30,14.085,72.199,
853,6/28/2017 5:45,14.0882,72.199,
854,6/28/2017 6:00,14.0897,72.199,
855,6/28/2017 6:15,14.0866,72.199,
856,6/28/2017 6:30,14.0903,72.372,
857,6/28/2017 6:45,14.0949,72.372,
858,6/28/2017 7:00,14.0923,72.545,
859,6/28/2017 7:15,14.0929,72.718,
860,6/28/2017 7:30,14.0943,72.718,
861,6/28/2017 7:45,14.0933,72.891,
862,6/28/2017 8:00,14.0953,73.062,
863,6/28/2017 8:15,14.0969,73.062,
864,6/28/2017 8:30,14.0953,73.062,
865,6/28/2017 8:45,14.0959,73.234,
866,6/28/2017 9:00,14.0943,73.234,
867,6/28/2017 9:15,14.0949,73.407,
868,6/28/2017 9:30,14.0953,73.58,
869,6/28/2017 9:45,14.0959,73.753,
870,6/28/2017 10:00,14.0943,73.753,
871,6/28/2017 10:15,14.0964,73.926,
872,6/28/2017 10:30,14.0984,74.098,
873,6/28/2017 10:45,14.0959,74.271,
874,6/28/2017 11:00,14.0959,74.271,
875,6/28/2017 11:15,14.0948,74.446,
876,6/28/2017 11:30,14.0953,74.619,
877,6/28/2017 11:45,14.0933,74.964,
878,6/28/2017 12:00,14.0974,75.312,
879,6/28/2017 12:15,14.0938,75.139,
880,6/28/2017 12:30,14.0943,75.312,
881,6/28/2017 12:45,14.0907,75.659,
882,6/28/2017 13:00,14.0839,76.006,
883,6/28/2017 13:15,14.0843,76.703,
884,6/28/2017 13:30,14.0819,76.876,
885,6/28/2017 13:45,14.0807,77.05,
886,6/28/2017 14:00,14.0766,77.225,
887,6/28/2017 14:15,14.0761,77.574,
888,6/28/2017 14:30,14.0734,77.749,
889,6/28/2017 14:45,14.0688,77.225,
890,6/28/2017 15:00,14.073,77.05,
891,6/28/2017 15:15,14.0704,77.225,
892,6/28/2017 15:30,14.0704,77.225,
893,6/28/2017 15:45,14.0678,77.4,
894,6/28/2017 16:00,14.0668,79.151,
895,6/28/2017 16:15,14.0678,77.4,
896,6/28/2017 16:30,14.0694,76.354,
897,6/28/2017 16:45,14.0678,75.832,
898,6/28/2017 17:00,14.0694,75.312,
899,6/28/2017 17:15,14.0684,74.446,
900,6/28/2017 17:30,14.0705,74.098,
901,6/28/2017 17:45,14.072,74.098,
902,6/28/2017 18:00,14.0746,73.926,
903,6/28/2017 18:15,14.0772,73.753,
904,6/28/2017 18:30,14.0756,73.753,
905,6/28/2017 18:45,14.0756,73.753,
906,6/28/2017 19:00,14.0814,73.58,
907,6/28/2017 19:15,14.0778,73.407,
908,6/28/2017 19:30,14.0814,73.58,
909,6/28/2017 19:45,14.0829,73.58,
910,6/28/2017 20:00,14.0845,73.58,
911,6/28/2017 20:15,14.0903,73.407,
912,6/28/2017 20:30,14.0917,73.407,
913,6/28/2017 20:45,14.0903,73.407,
914,6/28/2017 21:00,14.0897,73.234,
915,6/28/2017 21:15,14.0923,73.062,
916,6/28/2017 21:30,14.0917,72.891,
917,6/28/2017 21:45,14.0943,72.718,
918,6/28/2017 22:00,14.0985,72.545,
919,6/28/2017 22:15,14.0996,72.372,
920,6/28/2017 22:30,14.0996,72.372,
921,6/28/2017 22:45,14.1011,72.372,
922,6/28/2017 23:00,14.098,72.372,
923,6/28/2017 23:15,14.0949,72.372,
924,6/28/2017 23:30,14.0933,72.372,
925,6/28/2017 23:45,14.0897,72.199,
926,6/29/2017 0:00,14.0877,72.028,
927,6/29/2017 0:15,14.0877,72.028,
928,6/29/2017 0:30,14.0861,72.028,
929,6/29/2017 0:45,14.0893,72.028,
930,6/29/2017 1:00,14.084,72.372,
931,6/29/2017 1:15,14.083,72.545,
932,6/29/2017 1:30,14.0804,72.718,
933,6/29/2017 1:45,14.0788,72.718,
934,6/29/2017 2:00,14.0772,72.718,
935,6/29/2017 2:15,14.0788,72.718,
936,6/29/2017 2:30,14.0772,72.718,
937,6/29/2017 2:45,14.0788,72.718,
938,6/29/2017 3:00,14.0772,72.718,
939,6/29/2017 3:15,14.0772,72.718,
940,6/29/2017 3:30,14.0804,72.718,
941,6/29/2017 3:45,14.082,72.718,
942,6/29/2017 4:00,14.0835,72.718,
943,6/29/2017 4:15,14.083,72.545,
944,6/29/2017 4:30,14.083,72.545,
945,6/29/2017 4:45,14.083,72.545,
946,6/29/2017 5:00,14.0814,72.545,
947,6/29/2017 5:15,14.083,72.545,
948,6/29/2017 5:30,14.0846,72.545,
949,6/29/2017 5:45,14.0846,72.545,
950,6/29/2017 6:00,14.0856,72.372,
951,6/29/2017 6:15,14.0903,72.372,
952,6/29/2017 6:30,14.0893,72.545,
953,6/29/2017 6:45,14.0907,72.545,
954,6/29/2017 7:00,14.0866,72.718,
955,6/29/2017 7:15,14.0903,72.891,
956,6/29/2017 7:30,14.0917,72.891,
957,6/29/2017 7:45,14.0933,72.891,
958,6/29/2017 8:00,14.0907,73.062,
959,6/29/2017 8:15,14.0871,73.407,
960,6/29/2017 8:30,14.0907,73.58,
961,6/29/2017 8:45,14.0913,73.753,
962,6/29/2017 9:00,14.0901,73.926,
963,6/29/2017 9:15,14.0953,74.098,
964,6/29/2017 9:30,14.0969,74.098,
965,6/29/2017 9:45,14.099,74.271,
966,6/29/2017 10:00,14.0974,74.271,
967,6/29/2017 10:15,14.0964,74.446,
968,6/29/2017 10:30,14.1,74.619,
969,6/29/2017 10:45,14.1036,74.791,
970,6/29/2017 11:00,14.1036,74.791,
971,6/29/2017 11:15,14.103,74.619,
972,6/29/2017 11:30,14.1006,74.271,
973,6/29/2017 11:45,14.0964,73.926,
974,6/29/2017 12:00,14.0969,73.58,
975,6/29/2017 12:15,14.0964,73.407,
976,6/29/2017 12:30,14.0965,72.891,
977,6/29/2017 12:45,14.0907,72.545,
978,6/29/2017 13:00,14.084,72.372,
979,6/29/2017 13:15,14.0871,72.372,
980,6/29/2017 13:30,14.0835,72.718,
981,6/29/2017 13:45,14.0845,73.062,
982,6/29/2017 14:00,14.085,73.234,
983,6/29/2017 14:15,14.085,73.234,
984,6/29/2017 14:30,14.0845,73.58,
985,6/29/2017 14:45,14.0808,73.926,
986,6/29/2017 15:00,14.0824,73.926,
987,6/29/2017 15:15,14.0782,74.098,
988,6/29/2017 15:30,14.0798,74.098,
989,6/29/2017 15:45,14.0814,74.098,
990,6/29/2017 16:00,14.0798,74.098,
991,6/29/2017 16:15,14.0766,74.098,
992,6/29/2017 16:30,14.0798,74.098,
993,6/29/2017 16:45,14.0829,74.098,
994,6/29/2017 17:00,14.0829,74.098,
995,6/29/2017 17:15,14.0829,74.098,
996,6/29/2017 17:30,14.0829,74.098,
997,6/29/2017 17:45,14.0835,74.271,
998,6/29/2017 18:00,14.0865,74.271,
999,6/29/2017 18:15,14.0875,74.098,
1000,6/29/2017 18:30,14.0923,74.098,
1001,6/29/2017 18:45,14.0969,74.098,
1002,6/29/2017 19:00,14.0984,74.098,
1003,6/29/2017 19:15,14.0996,73.926,
1004,6/29/2017 19:30,14.0974,73.753,
1005,6/29/2017 19:45,14.099,73.753,
1006,6/29/2017 20:00,14.0969,73.58,
1007,6/29/2017 20:15,14.0996,73.407,
1008,6/29/2017 20:30,14.1022,73.234,
1009,6/29/2017 20:45,14.1036,73.234,
1010,6/29/2017 21:00,14.1032,73.062,
1011,6/29/2017 21:15,14.1062,73.062,
1012,6/29/2017 21:30,14.1062,73.062,
1013,6/29/2017 21:45,14.1078,73.062,
1014,6/29/2017 22:00,14.1104,72.891,
1015,6/29/2017 22:15,14.112,72.891,
1016,6/29/2017 22:30,14.1135,72.891,
1017,6/29/2017 22:45,14.1114,72.718,
1018,6/29/2017 23:00,14.1114,72.718,
1019,6/29/2017 23:15,14.113,72.718,
1020,6/29/2017 23:30,14.1114,72.718,
1021,6/29/2017 23:45,14.1114,72.718,
1022,6/30/2017 0:00,14.1052,72.718,
1023,6/30/2017 0:15,14.1038,72.718,
1024,6/30/2017 0:30,14.1052,72.718,
1025,6/30/2017 0:45,14.1001,72.545,
1026,6/30/2017 1:00,14.0996,72.372,
1027,6/30/2017 1:15,14.0975,72.199,
1028,6/30/2017 1:30,14.0943,72.199,
1029,6/30/2017 1:45,14.0939,72.028,
1030,6/30/2017 2:00,14.0872,71.856,
1031,6/30/2017 2:15,14.0872,71.856,
1032,6/30/2017 2:30,14.082,71.683,
1033,6/30/2017 2:45,14.0814,71.512,
1034,6/30/2017 3:00,14.081,71.339,
1035,6/30/2017 3:15,14.0836,71.168,
1036,6/30/2017 3:30,14.0836,71.168,
1037,6/30/2017 3:45,14.0836,71.168,
1038,6/30/2017 4:00,14.0872,71.339,
1039,6/30/2017 4:15,14.0872,71.339,
1040,6/30/2017 4:30,14.0923,71.512,
1041,6/30/2017 4:45,14.0898,71.683,
1042,6/30/2017 5:00,14.0866,71.683,
1043,6/30/2017 5:15,14.0887,71.856,
1044,6/30/2017 5:30,14.0919,71.856,
1045,6/30/2017 5:45,14.0933,71.856,
1046,6/30/2017 6:00,14.0949,71.856,
1047,6/30/2017 6:15,14.0959,71.683,
1048,6/30/2017 6:30,14.0981,71.856,
1049,6/30/2017 6:45,14.1001,72.028,
1050,6/30/2017 7:00,14.0991,72.199,
1051,6/30/2017 7:15,14.0996,72.372,
1052,6/30/2017 7:30,14.1001,72.545,
1053,6/30/2017 7:45,14.099,72.718,
1054,6/30/2017 8:00,14.1026,72.891,
1055,6/30/2017 8:15,14.1052,73.234,
1056,6/30/2017 8:30,14.1026,73.407,
1057,6/30/2017 8:45,14.1078,73.58,
1058,6/30/2017 9:00,14.1078,73.58,
1059,6/30/2017 9:15,14.1109,73.58,
1060,6/30/2017 9:30,14.1141,73.58,
1061,6/30/2017 9:45,14.1145,73.753,
1062,6/30/2017 10:00,14.1145,73.753,
1063,6/30/2017 10:15,14.1165,73.926,
1064,6/30/2017 10:30,14.1155,74.098,
1065,6/30/2017 10:45,14.1135,74.446,
1066,6/30/2017 11:00,14.1151,74.964,
1067,6/30/2017 11:15,14.1161,75.312,
1068,6/30/2017 11:30,14.1135,75.484,
1069,6/30/2017 11:45,14.1149,76.006,
1070,6/30/2017 12:00,14.1171,75.659,
1071,6/30/2017 12:15,14.1201,75.139,
1072,6/30/2017 12:30,14.1145,74.791,
1073,6/30/2017 12:45,14.1161,74.791,
1074,6/30/2017 13:00,14.1155,74.619,
1075,6/30/2017 13:15,14.1119,74.446,
1076,6/30/2017 13:30,14.1103,74.446,
1077,6/30/2017 13:45,14.1119,74.446,
1078,6/30/2017 14:00,14.1109,74.619,
1079,6/30/2017 14:15,14.1056,74.964,
1080,6/30/2017 14:30,14.1046,75.139,
1081,6/30/2017 14:45,14.1016,75.139,
1082,6/30/2017 15:00,14.1042,74.964,
1083,6/30/2017 15:15,14.1006,74.791,
1084,6/30/2017 15:30,14.0938,74.619,
1085,6/30/2017 15:45,14.0964,74.446,
1086,6/30/2017 16:00,14.0984,74.619,
1087,6/30/2017 16:15,14.0994,76.006,
1088,6/30/2017 16:30,14.1004,75.832,
1089,6/30/2017 16:45,14.0994,74.964,
1090,6/30/2017 17:00,14.1006,74.271,
1091,6/30/2017 17:15,14.0969,74.098,
1092,6/30/2017 17:30,14.101,73.926,
1093,6/30/2017 17:45,14.101,73.926,
1094,6/30/2017 18:00,14.1042,73.926,
1095,6/30/2017 18:15,14.1042,73.926,
1096,6/30/2017 18:30,14.1056,73.926,
1097,6/30/2017 18:45,14.1104,73.926,
1098,6/30/2017 19:00,14.1099,73.753,
1099,6/30/2017 19:15,14.1109,73.58,
1100,6/30/2017 19:30,14.1135,73.407,
1101,6/30/2017 19:45,14.1141,73.062,
1102,6/30/2017 20:00,14.1167,72.891,
1103,6/30/2017 20:15,14.1181,72.891,
1104,6/30/2017 20:30,14.1207,72.718,
1105,6/30/2017 20:45,14.1213,72.891,
1106,6/30/2017 21:00,14.1244,72.891,
1107,6/30/2017 21:15,14.1275,72.891,
1108,6/30/2017 21:30,14.1275,72.891,
1109,6/30/2017 21:45,14.1275,72.891,
1110,6/30/2017 22:00,14.1306,72.891,
1111,6/30/2017 22:15,14.1322,72.891,
1112,6/30/2017 22:30,14.1338,72.891,
1113,6/30/2017 22:45,14.1338,72.891,
1114,6/30/2017 23:00,14.1322,72.891,
1115,6/30/2017 23:15,14.1338,72.891,
1116,6/30/2017 23:30,14.1348,72.718,
1117,6/30/2017 23:45,14.1342,72.545,
1118,7/1/2017 0:00,14.1322,72.372,
1119,7/1/2017 0:15,14.1302,72.199,
1120,7/1/2017 0:30,14.1281,72.028,
1121,7/1/2017 0:45,14.1233,72.028,
1122,7/1/2017 1:00,14.1219,72.028,
1123,7/1/2017 1:15,14.1187,72.028,
1124,7/1/2017 1:30,14.1157,72.028,
1125,7/1/2017 1:45,14.1141,72.028,
1126,7/1/2017 2:00,14.1094,72.028,
1127,7/1/2017 2:15,14.1094,72.028,
1128,7/1/2017 2:30,14.1052,72.199,
1129,7/1/2017 2:45,14.1052,72.199,
1130,7/1/2017 3:00,14.1068,72.199,
1131,7/1/2017 3:15,14.1058,72.372,
1132,7/1/2017 3:30,14.1058,72.372,
1133,7/1/2017 3:45,14.1027,72.372,
1134,7/1/2017 4:00,14.1001,72.545,
1135,7/1/2017 4:15,14.1032,72.545,
1136,7/1/2017 4:30,14.1058,72.372,
1137,7/1/2017 4:45,14.1042,72.372,
1138,7/1/2017 5:00,14.1058,72.372,
1139,7/1/2017 5:15,14.1088,72.372,
1140,7/1/2017 5:30,14.1048,72.545,
1141,7/1/2017 5:45,14.1062,72.545,
1142,7/1/2017 6:00,14.1048,72.545,
1143,7/1/2017 6:15,14.1078,72.545,
1144,7/1/2017 6:30,14.1078,72.545,
1145,7/1/2017 6:45,14.111,72.545,
1146,7/1/2017 7:00,14.112,72.372,
1147,7/1/2017 7:15,14.111,72.545,
1148,7/1/2017 7:30,14.1146,72.718,
1149,7/1/2017 7:45,14.1193,72.718,
1150,7/1/2017 8:00,14.1197,72.891,
1151,7/1/2017 8:15,14.1181,72.891,
1152,7/1/2017 8:30,14.1203,73.062,
1153,7/1/2017 8:45,14.1197,73.407,
1154,7/1/2017 9:00,14.1223,73.753,
1155,7/1/2017 9:15,14.1201,74.098,
1156,7/1/2017 9:30,14.1244,74.446,
1157,7/1/2017 9:45,14.1222,75.312,
1158,7/1/2017 10:00,14.1254,75.312,
1159,7/1/2017 10:15,14.1233,75.659,
1160,7/1/2017 10:30,14.1254,76.354,
1161,7/1/2017 10:45,14.129,76.528,
1162,7/1/2017 11:00,14.128,76.703,
1163,7/1/2017 11:15,14.131,76.703,
1164,7/1/2017 11:30,14.129,76.528,
1165,7/1/2017 11:45,14.129,76.528,
1166,7/1/2017 12:00,14.1304,76.528,
1167,7/1/2017 12:15,14.13,76.354,
1168,7/1/2017 12:30,14.1274,76.006,
1169,7/1/2017 12:45,14.129,76.006,
1170,7/1/2017 13:00,14.129,76.006,
1171,7/1/2017 13:15,14.129,76.528,
1172,7/1/2017 13:30,14.1268,76.876,
1173,7/1/2017 13:45,14.1248,77.225,
1174,7/1/2017 14:00,14.1196,77.05,
1175,7/1/2017 14:15,14.1217,77.225,
1176,7/1/2017 14:30,14.1181,78.098,
1177,7/1/2017 14:45,14.1159,77.923,
1178,7/1/2017 15:00,14.1186,77.225,
1179,7/1/2017 15:15,14.1145,76.876,
1180,7/1/2017 15:30,14.1113,76.876,
1181,7/1/2017 15:45,14.1103,76.528,
1182,7/1/2017 16:00,14.1109,78.274,
1183,7/1/2017 16:15,14.1093,80.382,
1184,7/1/2017 16:30,14.1083,78.975,
1185,7/1/2017 16:45,14.1077,77.749,
1186,7/1/2017 17:00,14.1087,77.05,
1187,7/1/2017 17:15,14.1077,76.703,
1188,7/1/2017 17:30,14.1083,76.354,
1189,7/1/2017 17:45,14.1139,76.181,
1190,7/1/2017 18:00,14.1135,76.006,
1191,7/1/2017 18:15,14.1135,76.006,
1192,7/1/2017 18:30,14.1145,75.832,
1193,7/1/2017 18:45,14.1155,75.659,
1194,7/1/2017 19:00,14.1161,75.312,
1195,7/1/2017 19:15,14.1201,75.139,
1196,7/1/2017 19:30,14.1181,74.964,
1197,7/1/2017 19:45,14.1191,74.791,
1198,7/1/2017 20:00,14.1201,74.619,
1199,7/1/2017 20:15,14.1233,74.619,
1200,7/1/2017 20:30,14.1248,74.619,
1201,7/1/2017 20:45,14.1244,74.446,
1202,7/1/2017 21:00,14.1274,74.446,
1203,7/1/2017 21:15,14.1286,74.271,
1204,7/1/2017 21:30,14.1296,74.098,
1205,7/1/2017 21:45,14.1358,74.098,
1206,7/1/2017 22:00,14.1405,74.098,
1207,7/1/2017 22:15,14.1405,74.098,
1208,7/1/2017 22:30,14.1389,74.098,
1209,7/1/2017 22:45,14.1389,74.098,
1210,7/1/2017 23:00,14.1405,74.098,
1211,7/1/2017 23:15,14.1368,73.926,
1212,7/1/2017 23:30,14.1378,73.753,
1213,7/1/2017 23:45,14.1362,73.753,
1214,7/2/2017 0:00,14.1332,73.753,
1215,7/2/2017 0:15,14.1316,73.753,
1216,7/2/2017 0:30,14.1326,73.58,
1217,7/2/2017 0:45,14.127,73.234,
1218,7/2/2017 1:00,14.1254,73.234,
1219,7/2/2017 1:15,14.1217,73.062,
1220,7/2/2017 1:30,14.1181,72.891,
1221,7/2/2017 1:45,14.1177,72.718,
1222,7/2/2017 2:00,14.1125,72.545,
1223,7/2/2017 2:15,14.1141,72.545,
1224,7/2/2017 2:30,14.1099,72.718,
1225,7/2/2017 2:45,14.1114,72.718,
1226,7/2/2017 3:00,14.1099,72.718,
1227,7/2/2017 3:15,14.1088,72.891,
1228,7/2/2017 3:30,14.1104,72.891,
1229,7/2/2017 3:45,14.1104,72.891,
1230,7/2/2017 4:00,14.1114,72.718,
1231,7/2/2017 4:15,14.1114,72.718,
1232,7/2/2017 4:30,14.1114,72.718,
1233,7/2/2017 4:45,14.1068,72.718,
1234,7/2/2017 5:00,14.1068,72.718,
1235,7/2/2017 5:15,14.1078,72.545,
1236,7/2/2017 5:30,14.1088,72.372,
1237,7/2/2017 5:45,14.1084,72.199,
1238,7/2/2017 6:00,14.1104,72.372,
1239,7/2/2017 6:15,14.1104,72.372,
1240,7/2/2017 6:30,14.1157,72.545,
1241,7/2/2017 6:45,14.1157,72.545,
1242,7/2/2017 7:00,14.1193,72.718,
1243,7/2/2017 7:15,14.1193,72.718,
1244,7/2/2017 7:30,14.1213,72.891,
1245,7/2/2017 7:45,14.1265,73.062,
1246,7/2/2017 8:00,14.1223,73.234,
1247,7/2/2017 8:15,14.1233,73.58,
1248,7/2/2017 8:30,14.1254,73.753,
1249,7/2/2017 8:45,14.1264,74.098,
1250,7/2/2017 9:00,14.1228,74.446,
1251,7/2/2017 9:15,14.1264,74.619,
1252,7/2/2017 9:30,14.1284,74.791,
1253,7/2/2017 9:45,14.1316,75.312,
1254,7/2/2017 10:00,14.1294,75.659,
1255,7/2/2017 10:15,14.131,75.659,
1256,7/2/2017 10:30,14.1331,75.832,
1257,7/2/2017 10:45,14.1331,75.832,
1258,7/2/2017 11:00,14.1336,76.006,
1259,7/2/2017 11:15,14.132,76.006,
1260,7/2/2017 11:30,14.131,76.181,
1261,7/2/2017 11:45,14.1331,76.354,
1262,7/2/2017 12:00,14.1331,76.354,
1263,7/2/2017 12:15,14.128,76.703,
1264,7/2/2017 12:30,14.128,77.225,
1265,7/2/2017 12:45,14.1268,77.4,
1266,7/2/2017 13:00,14.1258,77.574,
1267,7/2/2017 13:15,14.1242,77.574,
1268,7/2/2017 13:30,14.1242,77.574,
1269,7/2/2017 13:45,14.1206,77.4,
1270,7/2/2017 14:00,14.1186,77.749,
1271,7/2/2017 14:15,14.1159,77.923,
1272,7/2/2017 14:30,14.1123,77.749,
1273,7/2/2017 14:45,14.1087,77.574,
1274,7/2/2017 15:00,14.1056,77.574,
1275,7/2/2017 15:15,14.103,77.749,
1276,7/2/2017 15:30,14.101,78.098,
1277,7/2/2017 15:45,14.0988,77.923,
1278,7/2/2017 16:00,14.0978,78.098,
1279,7/2/2017 16:15,14.1014,77.749,
1280,7/2/2017 16:30,14.1051,77.4,
1281,7/2/2017 16:45,14.1046,77.225,
1282,7/2/2017 17:00,14.1046,77.225,
1283,7/2/2017 17:15,14.1051,76.876,
1284,7/2/2017 17:30,14.1046,76.703,
1285,7/2/2017 17:45,14.104,76.006,
1286,7/2/2017 18:00,14.1077,75.659,
1287,7/2/2017 18:15,14.1099,75.312,
1288,7/2/2017 18:30,14.1093,75.139,
1289,7/2/2017 18:45,14.1072,74.964,
1290,7/2/2017 19:00,14.1083,74.791,
1291,7/2/2017 19:15,14.1099,74.791,
1292,7/2/2017 19:30,14.1145,74.791,
1293,7/2/2017 19:45,14.1155,74.619,
1294,7/2/2017 20:00,14.1187,74.619,
1295,7/2/2017 20:15,14.1187,74.619,
1296,7/2/2017 20:30,14.1151,74.446,
1297,7/2/2017 20:45,14.1197,74.446,
1298,7/2/2017 21:00,14.1212,74.446,
1299,7/2/2017 21:15,14.1228,73.926,
1300,7/2/2017 21:30,14.1249,73.58,
1301,7/2/2017 21:45,14.1244,73.407,
1302,7/2/2017 22:00,14.1275,73.407,
1303,7/2/2017 22:15,14.1254,73.234,
1304,7/2/2017 22:30,14.126,72.891,
1305,7/2/2017 22:45,14.1254,72.718,
1306,7/2/2017 23:00,14.1207,72.718,
1307,7/2/2017 23:15,14.1223,72.718,
1308,7/2/2017 23:30,14.1223,72.718,
1309,7/2/2017 23:45,14.1203,72.545,
1310,7/3/2017 0:00,14.1203,72.545,
1311,7/3/2017 0:15,14.1171,72.545,
1312,7/3/2017 0:30,14.1157,72.545,
1313,7/3/2017 0:45,14.1125,72.545,
1314,7/3/2017 1:00,14.1078,72.545,
1315,7/3/2017 1:15,14.1058,72.372,
1316,7/3/2017 1:30,14.1042,72.372,
1317,7/3/2017 1:45,14.1027,72.372,
1318,7/3/2017 2:00,14.0996,72.372,
1319,7/3/2017 2:15,14.0965,72.372,
1320,7/3/2017 2:30,14.0975,72.199,
1321,7/3/2017 2:45,14.098,72.372,
1322,7/3/2017 3:00,14.0965,72.372,
1323,7/3/2017 3:15,14.0949,72.372,
1324,7/3/2017 3:30,14.0933,72.372,
1325,7/3/2017 3:45,14.0933,72.372,
1326,7/3/2017 4:00,14.0933,72.372,
1327,7/3/2017 4:15,14.0923,72.545,
1328,7/3/2017 4:30,14.0923,72.545,
1329,7/3/2017 4:45,14.0923,72.545,
1330,7/3/2017 5:00,14.0923,72.545,
1331,7/3/2017 5:15,14.0923,72.545,
1332,7/3/2017 5:30,14.0939,72.545,
1333,7/3/2017 5:45,14.0959,72.718,
1334,7/3/2017 6:00,14.099,72.718,
1335,7/3/2017 6:15,14.099,72.718,
1336,7/3/2017 6:30,14.1022,72.718,
1337,7/3/2017 6:45,14.1042,72.891,
1338,7/3/2017 7:00,14.1078,73.062,
1339,7/3/2017 7:15,14.1099,73.234,
1340,7/3/2017 7:30,14.1119,73.407,
1341,7/3/2017 7:45,14.1109,73.58,
1342,7/3/2017 8:00,14.1145,73.753,
1343,7/3/2017 8:15,14.1135,73.926,
1344,7/3/2017 8:30,14.1155,74.098,
1345,7/3/2017 8:45,14.1145,74.271,
1346,7/3/2017 9:00,14.1151,74.446,
1347,7/3/2017 9:15,14.1139,74.619,
1348,7/3/2017 9:30,14.1151,74.964,
1349,7/3/2017 9:45,14.1165,76.006,
1350,7/3/2017 10:00,14.1186,75.659,
1351,7/3/2017 10:15,14.1191,75.312,
1352,7/3/2017 10:30,14.1207,75.312,
1353,7/3/2017 10:45,14.1171,75.659,
1354,7/3/2017 11:00,14.1155,76.181,
1355,7/3/2017 11:15,14.1119,76.528,
1356,7/3/2017 11:30,14.1145,76.876,
1357,7/3/2017 11:45,14.1113,76.876,
1358,7/3/2017 12:00,14.1109,77.225,
1359,7/3/2017 12:15,14.1077,77.225,
1360,7/3/2017 12:30,14.1083,76.876,
1361,7/3/2017 12:45,14.1062,76.703,
1362,7/3/2017 13:00,14.102,77.4,
1363,7/3/2017 13:15,14.101,77.574,
1364,7/3/2017 13:30,14.1014,77.749,
1365,7/3/2017 13:45,14.101,78.098,
1366,7/3/2017 14:00,14.0958,77.923,
1367,7/3/2017 14:15,14.0968,78.274,
1368,7/3/2017 14:30,14.0958,78.449,
1369,7/3/2017 14:45,14.0948,78.098,
1370,7/3/2017 15:00,14.0938,77.749,
1371,7/3/2017 15:15,14.0968,77.749,
1372,7/3/2017 15:30,14.0948,78.098,
1373,7/3/2017 15:45,14.0916,78.624,
1374,7/3/2017 16:00,14.0922,78.8,
1375,7/3/2017 16:15,14.0869,78.098,
1376,7/3/2017 16:30,14.0901,77.574,
1377,7/3/2017 16:45,14.0891,77.225,
1378,7/3/2017 17:00,14.0911,76.876,
1379,7/3/2017 17:15,14.0922,76.703,
1380,7/3/2017 17:30,14.0916,76.528,
1381,7/3/2017 17:45,14.0938,76.181,
1382,7/3/2017 18:00,14.0964,76.006,
1383,7/3/2017 18:15,14.0942,75.832,
1384,7/3/2017 18:30,14.0984,75.659,
1385,7/3/2017 18:45,14.101,75.484,
1386,7/3/2017 19:00,14.1016,75.139,
1387,7/3/2017 19:15,14.1042,74.964,
1388,7/3/2017 19:30,14.1067,74.791,
1389,7/3/2017 19:45,14.1062,74.619,
1390,7/3/2017 20:00,14.1103,74.446,
1391,7/3/2017 20:15,14.1114,74.271,
1392,7/3/2017 20:30,14.1161,74.271,
1393,7/3/2017 20:45,14.1165,73.926,
1394,7/3/2017 21:00,14.1165,73.926,
1395,7/3/2017 21:15,14.1223,73.753,
1396,7/3/2017 21:30,14.1223,73.753,
1397,7/3/2017 21:45,14.1223,73.753,
1398,7/3/2017 22:00,14.1249,73.58,
1399,7/3/2017 22:15,14.1264,73.58,
1400,7/3/2017 22:30,14.1264,73.58,
1401,7/3/2017 22:45,14.1233,73.58,
1402,7/3/2017 23:00,14.1233,73.58,
1403,7/3/2017 23:15,14.1213,73.407,
1404,7/3/2017 23:30,14.1228,73.407,
1405,7/3/2017 23:45,14.1191,73.234,
1406,7/4/2017 0:00,14.1177,73.234,
1407,7/4/2017 0:15,14.113,73.234,
1408,7/4/2017 0:30,14.1084,73.234,
1409,7/4/2017 0:45,14.1058,73.407,
1410,7/4/2017 1:00,14.1052,73.234,
1411,7/4/2017 1:15,14.1006,73.234,
1412,7/4/2017 1:30,14.0943,73.234,
1413,7/4/2017 1:45,14.0949,73.407,
1414,7/4/2017 2:00,14.0923,73.58,
1415,7/4/2017 2:15,14.0938,73.58,
1416,7/4/2017 2:30,14.0927,73.753,
1417,7/4/2017 2:45,14.0923,73.58,
1418,7/4/2017 3:00,14.0891,73.58,
1419,7/4/2017 3:15,14.0927,73.753,
1420,7/4/2017 3:30,14.0953,73.58,
1421,7/4/2017 3:45,14.0907,73.58,
1422,7/4/2017 4:00,14.0903,73.407,
1423,7/4/2017 4:15,14.0897,73.234,
1424,7/4/2017 4:30,14.0897,73.234,
1425,7/4/2017 4:45,14.0913,73.234,
1426,7/4/2017 5:00,14.0943,73.234,
1427,7/4/2017 5:15,14.0927,73.234,
1428,7/4/2017 5:30,14.0959,73.234,
1429,7/4/2017 5:45,14.0943,73.234,
1430,7/4/2017 6:00,14.0959,73.234,
1431,7/4/2017 6:15,14.0975,73.234,
1432,7/4/2017 6:30,14.1036,73.234,
1433,7/4/2017 6:45,14.1052,73.234,
1434,7/4/2017 7:00,14.1058,73.407,
1435,7/4/2017 7:15,14.1042,73.407,
1436,7/4/2017 7:30,14.1062,73.58,
1437,7/4/2017 7:45,14.1068,73.753,
1438,7/4/2017 8:00,14.1093,74.098,
1439,7/4/2017 8:15,14.1083,74.271,
1440,7/4/2017 8:30,14.1088,74.446,
1441,7/4/2017 8:45,14.1093,74.619,
1442,7/4/2017 9:00,14.1125,74.619,
1443,7/4/2017 9:15,14.1161,74.791,
1444,7/4/2017 9:30,14.1145,74.791,
1445,7/4/2017 9:45,14.1161,74.791,
1446,7/4/2017 10:00,14.1171,74.619,
1447,7/4/2017 10:15,14.1139,74.619,
1448,7/4/2017 10:30,14.1165,74.446,
1449,7/4/2017 10:45,14.1114,74.271,
1450,7/4/2017 11:00,14.1109,74.098,
1451,7/4/2017 11:15,14.1141,74.098,
1452,7/4/2017 11:30,14.1088,73.926,
1453,7/4/2017 11:45,14.1036,73.753,
1454,7/4/2017 12:00,14.1006,73.753,
1455,7/4/2017 12:15,14.1052,73.753,
1456,7/4/2017 12:30,14.1006,73.753,
1457,7/4/2017 12:45,14.0927,73.753,
1458,7/4/2017 13:00,14.0938,74.098,
1459,7/4/2017 13:15,14.0938,74.619,
1460,7/4/2017 13:30,14.0907,75.139,
1461,7/4/2017 13:45,14.0895,75.312,
1462,7/4/2017 14:00,14.0859,75.139,
1463,7/4/2017 14:15,14.0823,75.484,
1464,7/4/2017 14:30,14.075,75.659,
1465,7/4/2017 14:45,14.0756,75.832,
1466,7/4/2017 15:00,14.0766,75.659,
1467,7/4/2017 15:15,14.071,75.312,
1468,7/4/2017 15:30,14.0736,75.659,
1469,7/4/2017 15:45,14.0714,76.006,
1470,7/4/2017 16:00,14.071,75.832,
1471,7/4/2017 16:15,14.0714,75.484,
1472,7/4/2017 16:30,14.069,75.139,
1473,7/4/2017 16:45,14.074,74.791,
1474,7/4/2017 17:00,14.073,74.446,
1475,7/4/2017 17:15,14.0726,74.271,
1476,7/4/2017 17:30,14.071,74.271,
1477,7/4/2017 17:45,14.0756,74.271,
1478,7/4/2017 18:00,14.0798,74.098,
1479,7/4/2017 18:15,14.0778,73.926,
1480,7/4/2017 18:30,14.0788,73.753,
1481,7/4/2017 18:45,14.0804,73.753,
1482,7/4/2017 19:00,14.0819,73.753,
1483,7/4/2017 19:15,14.0897,73.753,
1484,7/4/2017 19:30,14.0881,73.753,
1485,7/4/2017 19:45,14.0881,73.753,
1486,7/4/2017 20:00,14.0891,73.58,
1487,7/4/2017 20:15,14.0923,73.58,
1488,7/4/2017 20:30,14.0953,73.58,
1489,7/4/2017 20:45,14.0877,73.58,
1490,7/4/2017 21:00,14.0933,73.407,
1491,7/4/2017 21:15,14.0933,73.407,
1492,7/4/2017 21:30,14.0933,73.407,
1493,7/4/2017 21:45,14.0959,73.234,
1494,7/4/2017 22:00,14.0907,73.062,
1495,7/4/2017 22:15,14.0969,73.062,
1496,7/4/2017 22:30,14.0953,73.062,
1497,7/4/2017 22:45,14.0985,73.062,
1498,7/4/2017 23:00,14.0965,72.891,
1499,7/4/2017 23:15,14.1022,72.718,
1500,7/4/2017 23:30,14.1016,72.545,
1501,7/4/2017 23:45,14.1016,72.545,
1502,7/5/2017 0:00,14.099,72.718,
1503,7/5/2017 0:15,14.0959,72.718,
1504,7/5/2017 0:30,14.0917,72.891,
1505,7/5/2017 0:45,14.0923,73.062,
1506,7/5/2017 1:00,14.0887,72.891,
1507,7/5/2017 1:15,14.0903,72.891,
1508,7/5/2017 1:30,14.0939,73.062,
1509,7/5/2017 1:45,14.0891,73.062,
1510,7/5/2017 2:00,14.0891,73.062,
1511,7/5/2017 2:15,14.084,72.891,
1512,7/5/2017 2:30,14.0877,72.545,
1513,7/5/2017 2:45,14.084,72.372,
1514,7/5/2017 3:00,14.0798,72.545,
1515,7/5/2017 3:15,14.0798,72.545,
1516,7/5/2017 3:30,14.0856,72.891,
1517,7/5/2017 3:45,14.0871,72.891,
1518,7/5/2017 4:00,14.0861,73.062,
1519,7/5/2017 4:15,14.0891,73.062,
1520,7/5/2017 4:30,14.0866,72.718,
1521,7/5/2017 4:45,14.0929,72.718,
1522,7/5/2017 5:00,14.0881,72.718,
1523,7/5/2017 5:15,14.0933,72.891,
1524,7/5/2017 5:30,14.0913,72.718,
1525,7/5/2017 5:45,14.0939,72.545,
1526,7/5/2017 6:00,14.1001,72.545,
1527,7/5/2017 6:15,14.1038,72.718,
1528,7/5/2017 6:30,14.1048,73.062,
1529,7/5/2017 6:45,14.1048,73.062,
1530,7/5/2017 7:00,14.1078,73.062,
1531,7/5/2017 7:15,14.1058,72.891,
1532,7/5/2017 7:30,14.1114,72.718,
1533,7/5/2017 7:45,14.1193,72.718,
1534,7/5/2017 8:00,14.1197,72.891,
1535,7/5/2017 8:04,,,
1536,7/5/2017 8:04,,,
